{"val_categorical_accuracy": [0.375], "loss": [5.9916582107543945], "val_loss": [5.2041568756103516], "val_acc": [0.375], "categorical_accuracy": [0.390625], "acc": [0.390625]}