{"val_categorical_accuracy": [0.125], "loss": [13.497678756713867], "val_loss": [13.159696578979492], "val_acc": [0.125], "categorical_accuracy": [0.09375], "acc": [0.09375]}